username,post_text,timestamp,url,crawl_date
_tha.vwu,Sao cuá»™c sá»‘ng chÃ¡n z v momm,26/05/2025 11:13,https://www.threads.net/@_tha.vwu/post/DKGlvVaSaoj,2025-06-07 03:13:03
_nhw.taw_,"""Náº¿u khÃ´ng cÃ³ ai Ä‘á»‘i xá»­ ngá»t ngÃ o vá»›i báº¡n, báº¡n váº«n cÃ³ thá»ƒ tá»± Ä‘á»‘i xá»­ ngá»t ngÃ o vá»›i báº£n thÃ¢n mÃ¬nh"".

""Love yourself"" YÃªu báº£n thÃ¢n.",01/07/2024 22:14,https://www.threads.net/@_nhw.taw_/post/C84n3NzS1iV,2025-06-07 03:13:03
_nhw.taw_,"""Cuá»‘i cÃ¹ng rá»“i sáº½ cÃ³ má»™t ngÃ y báº¡n trá»Ÿ nÃªn bÃ¬nh tÄ©nh. Giá»‘ng nhÆ° ngÆ°á»i ngoÃ i cuá»™c, nhÃ¬n láº¡i nhá»¯ng cÃ¢u chuyá»‡n xÆ°a cÅ© cá»§a chÃ­nh mÃ¬nh rá»“i láº¯c Ä‘áº§u cÆ°á»i trong vÃ´ thá»©c"".",29/06/2024 22:47,https://www.threads.net/@_nhw.taw_/post/C8ziDHnSR2H,2025-06-07 03:13:03
_nhw.taw_,"""Pháº£i tráº£i qua sÃ³ng giÃ³, má»›i trÃ¢n trá»ng nhá»¯ng thÃ¡ng ngÃ y bÃ¬nh yÃªn..""",19/06/2024 14:02,https://www.threads.net/@_nhw.taw_/post/C8Y1-4_yv5l,2025-06-07 03:13:03
_nhw.taw_,"""LÃ²ng ngÆ°á»i nhÆ° biá»ƒn cáº£, ta lÃ  cÃ¡ khÃ´ng thá»ƒ bÆ¡i háº¿t Ä‘áº¡i dÆ°Æ¡ng """,18/06/2024 22:04,https://www.threads.net/@_nhw.taw_/post/C8XIY9myuJr,2025-06-07 03:13:03
_nhw.taw_,"""VÃ¬ mÃ¬nh khÃ´ng quan trá»ng, nÃªn há» khÃ´ng trÃ¢n trá»ng""",17/06/2024 13:31,https://www.threads.net/@_nhw.taw_/post/C8To3tQSnVd,2025-06-07 03:13:03
_nhw.taw_,"NgÆ°á»i ta nÃ³i:

""NgÆ°á»i hay cÆ°á»i lÃ  ngÆ°á»i cÃ³ nhiá»u tÃ¢m sá»±. 
NgÆ°á»i hay ngá»§ lÃ  ngÆ°á»i cÃ³ nhiá»u ná»—i buá»“n. 
 NgÆ°á»i hay quÃªn lÃ  ngÆ°á»i tráº£i qua nhiá»u máº¥t mÃ¡t.""",14/06/2024 19:06,https://www.threads.net/@_nhw.taw_/post/C8MgxVtSpDJ,2025-06-07 03:13:03
_nhw.taw_,Bao tiá»n má»™t má»› bÃ¬nh yÃªn?,13/06/2024 00:24,https://www.threads.net/@_nhw.taw_/post/C8H7lLEyWfm,2025-06-07 03:13:03
_nhw.taw_,"""Náº¿u cÃ³ kiáº¿p sau tÃ´i Æ°á»›c trá»Ÿ thÃ nh cÃ¡ voi. VÃ¬ khi cÃ¡ voi khÃ³c biá»ƒn sáº½ Ã´m láº¥y nÃ³...""",13/06/2024 00:03,https://www.threads.net/@_nhw.taw_/post/C8H5K0nSXvQ,2025-06-07 03:13:03
_nhw.taw_,"HÃ£y lÃ  em. 
(Cre: ke tieu cuc.)",12/06/2024 14:23,https://www.threads.net/@_nhw.taw_/post/C8G2wiHSJTe,2025-06-07 03:13:03
_nhw.taw_,Sin cos tan,12/06/2024 07:45,https://www.threads.net/@_nhw.taw_/post/C8GJSqHSRV1,2025-06-07 03:13:03
_nhw.taw_,"""ChÃºng ta Ä‘á»u cÃ³ sáº¹o nÃªn Ä‘á»«ng lÃ m tá»•n thÆ°Æ¡ng nhau...""

Nhá»› nhÃ©!",05/06/2024 23:56,https://www.threads.net/@_nhw.taw_/post/C712z00yg5P,2025-06-07 03:13:03
_nhw.taw_,"""Trong má»™t khoáº£nh kháº¯c nÃ o Ä‘Ã³ chÃºng ta Ä‘á»u rung Ä‘á»™ng, nhÆ°ng yÃªu thÃ¬ khÃ´ng.""

khichungtacontre",02/06/2024 23:07,https://www.threads.net/@_nhw.taw_/post/C7uC1CoSYEB,2025-06-07 03:13:03
_nhw.taw_,"""Muá»‘n mua Ä‘Æ°á»£c háº¡nh phÃºc, pháº£i tráº£ báº±ng vÃ´ sá»‘ láº§n rÆ¡i nÆ°á»›c máº¯t""

nhungdieubinhyen_",02/06/2024 23:03,https://www.threads.net/@_nhw.taw_/post/C7uCY02SXWY,2025-06-07 03:13:03
_nhw.taw_,"Tiáº¿ng khÃ³c Ä‘au Ä‘á»›n nháº¥t lÃ  tiáº¿ng khÃ³c nhÆ° nÃ o nhá»‰? 

ChÃ­nh lÃ  tiáº¿ng khÃ³c ""khÃ´ng thÃ nh tiáº¿ng""",02/06/2024 23:01,https://www.threads.net/@_nhw.taw_/post/C7uCLmqSLz0,2025-06-07 03:13:03
_nhw.taw_,"TÃ³m táº¯t cuá»™c sá»‘ng=))

ChÃ¡n...",24/05/2024 23:37,https://www.threads.net/@_nhw.taw_/post/C7W7KBLyHmc,2025-06-07 03:13:03
duanbbo,ngáº§u,27/03/2025 22:12,https://www.threads.net/@duanbbo/post/DHtRYdAht13,2025-06-07 03:13:03
duanbbo,"âŒChá» cáº¯t bÃ¡nh kem
âœ…Chá» khui bb3",23/02/2025 13:58,https://www.threads.net/@duanbbo/post/DGZ_aGsToUo,2025-06-07 03:13:03
duanbbo,Ig máº¥t tÃ­nh nÄƒng tÃ¬m tin nháº¯n trÃªn thanh cÃ´ng cá»¥ tin nháº¯n rÃ¹i Ã  má»i ngÆ°á»i Æ¡i ğŸ˜­ğŸ˜­. Giá» pháº£i vÃ o trá»±c tiáº¿p Ä‘oáº¡n tin nháº¯n riÃªng má»›i tÃ¬m Ä‘Æ°á»£c,08/01/2025 16:40,https://www.threads.net/@duanbbo/post/DEj1cDIvsqk,2025-06-07 03:13:03
duanbbo,Trá»™m vÃ­a mÃ¹ng 1,03/12/2024 18:57,https://www.threads.net/@duanbbo/post/DDHYgQjvI6i,2025-06-07 03:13:03
duanbbo,"MÃ¬nh cÅ©ng thÃ­ch Ä‘Æ°á»£c táº·ng quÃ , nhá»¯ng lá»i chÃºc vÃ o ngÃ y sinh nháº­t. NhÆ°ng bá»Ÿi vÃ¬ khÃ´ng ai nhá»› tá»›i, mÃ¬nh giáº£ bá»™ lÃ  khÃ´ng thÃ­ch ná»¯a.",30/11/2024 12:57,https://www.threads.net/@duanbbo/post/DC_A3lXPS2d,2025-06-07 03:13:03
duanbbo,nÃ y khÃ´ng biáº¿t lÃ  rÃ¹a mÃ¬nh tháº£ vÃ o nuÃ´i hay chÃ¡u cháº¯t cá»§a cá»¥ rÃ¹a nhá»‰ má»i ngÆ°á»i,26/11/2024 10:48,https://www.threads.net/@duanbbo/post/DC0e7e6vHb3,2025-06-07 03:13:03
duanbbo,tÃ´i lÃ  anh chÃ ng thÆ° giÃ£n,23/11/2024 10:24,https://www.threads.net/@duanbbo/post/DCstzARPCHL,2025-06-07 03:13:03
duanbbo,khoáº£ng thá»i gian ngá»“i bá»‡ xÃ­ lÆ°á»›t thread dá»… chá»‹u tháº­t áº¥y,25/10/2024 21:43,https://www.threads.net/@duanbbo/post/DBjQfd5vn1o,2025-06-07 03:13:03
duanbbo,tá»± nhiÃªn tháº¥y quÃ¡n bia cÅ©ng cuteee,24/10/2024 12:23,https://www.threads.net/@duanbbo/post/DBfrm4tPgz0,2025-06-07 03:13:03
duanbbo,NhÃ¬ nhÃ  nhÃ¬ nháº±ng,19/10/2024 15:36,https://www.threads.net/@duanbbo/post/DBTJwxLv8jU,2025-06-07 03:13:03
duanbbo,mÃ¬nh Æ°á»›c há» cÃ³ thá»ƒ Äƒn Ä‘Æ°á»£c lá»i nÃ³i cá»§a há» Ä‘á»ƒ biáº¿t nÃ³ Ä‘áº¯ng nhÆ° nÃ o,17/10/2024 15:25,https://www.threads.net/@duanbbo/post/DBN-0P5v9-i,2025-06-07 03:13:03
duanbbo,Khi báº¡n cÃ³ anh shipper ruá»™t,10/09/2024 09:39,https://www.threads.net/@duanbbo/post/C_uF0i8vQmW,2025-06-07 03:13:03
duanbbo,"NÄƒm nay dÃ¹ gáº·p nhiá»u khÃ³ khÄƒn, nhÆ°ng náº¿u báº£n thÃ¢n cÃ²n khoáº» máº¡nh, gia Ä‘Ã¬nh cÃ²n bÃ¬nh an Ä‘á»§ Ä‘áº§y thÃ¬ Ä‘Ã£ lÃ  má»™t nÄƒm may máº¯n ráº¥t nhiá»u rá»“i. Sau táº¥t cáº£, bÃ¬nh an lÃ  Ä‘iá»u quÃ½ giÃ¡ nháº¥t.",09/09/2024 19:08,https://www.threads.net/@duanbbo/post/C_siI9JPtX5,2025-06-07 03:13:03
duanbbo,Anh hay Ä‘Äƒng capcat giáº­t giáº­t á»Ÿ phay bÃºt nhÆ°ng anh kháº³ng Ä‘á»‹nh lÃ  anh cÃ³ cÃ´ng viá»‡c á»•n Ä‘á»‹nh nha,01/09/2024 22:07,https://www.threads.net/@duanbbo/post/C_YQQoav4iM,2025-06-07 03:13:03
duanbbo,"Trá»i khÃ´ Ä‘áº¥t háº¡n pháº£i lÃ m sao?
- Ì¶CÌ¶Ì¶áº§Ì¶Ì¶uÌ¶ Ì¶mÌ¶Ì¶Æ°Ì¶Ì¶aÌ¶ âŒ
- Rá»­a xe âœ…",31/08/2024 22:13,https://www.threads.net/@duanbbo/post/C_VsPx2Psux,2025-06-07 03:13:03
_barelavvel_,Xin chÃ¢n thÃ nh cáº£m Æ¡n gia Ä‘Ã¬nh chá»‹ xinh xinh ráº¥t nhiá»u áº¡. áº¤m lÃ²ng ngÆ°á»i Viá»‡t ğŸ˜˜ğŸ˜˜ğŸ˜˜,06/01/2025 01:41,https://www.threads.net/@_barelavvel_/post/DEdEzC-SJ4s,2025-06-07 03:13:03
_barelavvel_,"Má»i ngÆ°á»i cÃ³ bao giá» tháº¥y chÃ¡n sá»‘ng, khÃ´ng muá»‘n lÃ m chá»‰ cáº£, tháº­m chÃ­ khÃ´ng muá»‘n nÃ³i chuyá»‡n vá»›i nhá»¯ng ngÆ°á»i mÃ  mÃ¬nh vÃ´ cÃ¹ng trÃ¢n trá»ng khÃ´ng?? LÃ m tháº¿ nÃ o Ä‘á»ƒ láº¥y láº¡i cuá»™c sá»‘ng Ä‘Ã¢y má»i ngÆ°á»i Æ¡i chá»© mÃ¬nh ghÃ©t cáº£m giÃ¡c nÃ y quÃ¡ ğŸ˜­ğŸ˜­ğŸ˜­ğŸ˜­",18/12/2024 23:52,https://www.threads.net/@_barelavvel_/post/DDuiJ9ESrr6,2025-06-07 03:13:03
_barelavvel_,"Ngáº¡o nghá»… Tcon, ğŸŠ con, Gencon ğŸ˜ğŸ˜",18/07/2024 12:29,https://www.threads.net/@_barelavvel_/post/C9jWRvpvs7O,2025-06-07 03:13:03
lalucifer.666,Ngháº¹t mÅ©i vá»›i Ä‘au há»ng quÃ¡ nÃªn cÃ³ há»©ng gÃ o mÃ  khÃ´ng Ä‘á»§ hÆ¡i ğŸ˜­,25/11/2024 12:54,https://www.threads.net/@lalucifer.666/post/DCyIklGTnhK,2025-06-07 03:13:03
lalucifer.666,HÃ¡t nháº£m hÃ¡t nháº£m =)))))),25/11/2024 12:48,https://www.threads.net/@lalucifer.666/post/DCyH590zjv9,2025-06-07 03:13:03
lalucifer.666,Má»™t Ä‘á»i thÆ°Æ¡ng em,09/11/2024 05:56,https://www.threads.net/@lalucifer.666/post/DCIL-CsTUw9,2025-06-07 03:13:03
lalucifer.666,2 áº£nh nÃ y mÃ¬nh chá»¥p makeup look vá»›i Ã¡nh sÃ¡ng khÃ¡c nhau nÃªn khÃ´ng biáº¿t chá»n cÃ¡i nÃ o há»£p tÃ³c hÆ¡n,20/10/2024 08:15,https://www.threads.net/@lalucifer.666/post/DBU8BYQzmxs,2025-06-07 03:13:03
lalucifer.666,"20/10 nÃªn xin phÃ©p lÃ m gÃ¡i Nháº­t Báº£n mÃ  Trung Quá»‘c, ThÃ¡i Lan, HÃ n Quá»‘c",20/10/2024 08:14,https://www.threads.net/@lalucifer.666/post/DBU77ylzVBD,2025-06-07 03:13:03
lalucifer.666,"TÃ´i buá»“n, báº¡n cÅ©ng tháº¿.
HÃ¡t vá»› váº©n máº¥y cÃ¢u.",03/09/2024 01:11,https://www.threads.net/@lalucifer.666/post/C_bKD6bS2ak,2025-06-07 03:13:03
lalucifer.666,"Tháº­t ra tá»› gáº·p váº¥n Ä‘á» tÃ¢m lÃ­ khÃ¡ náº·ng, khÃ´ng biáº¿t tá»› sáº½ sá»‘ng Ä‘áº¿n khi nÃ o. Tá»› hay buá»“n, chÃ¡n sá»‘ng.",20/08/2024 09:33,https://www.threads.net/@lalucifer.666/post/C-4AdVDykGh,2025-06-07 03:13:03
giothianhdacandamderoixaemroi,"TÆ° liá»‡u cho anh em nhÃ  Há»‘c gá»­i cÃ¡c báº¡n Ä‘áº·t Ä‘iá»u nhÃ© ^^ âœŒï¸âœŒï¸
ÄÃ´i khi mÃ¬nh cÅ©ng cáº§n gá»¡ bá»›t ná»“i lÃªn Ä‘áº§u ra cho Ä‘á»¡ náº·ng nhá» háº¹ háº¹ háº¹
https://www.canva.com/design/DAGo-pxJQNE/HZqMWO2u00BxSfRs2CsXgA/view?utm_content=DAGo-pxJQNE&utm_campaign=designshare&utm_medium=link2&utm_source=uniquelinks&utlId=h9a4c0196bc",31/05/2025 10:30,https://www.threads.net/@giothianhdacandamderoixaemroi/post/DKTYs-Zp8yL,2025-06-07 03:13:03
giothianhdacandamderoixaemroi,"Xin má»i Ä‘á»c Ã­t nháº¥t 10 post chÃºng tÃ´i dáº·n nhau khÃ´ng Ä‘Æ°á»£c Ä‘em tráº» con vÃ o delulu Ä‘á»ƒ tá»± tháº¥y mÃ¬nh ngu ngá»¥c ntn ğŸ˜˜ğŸ˜˜ğŸ˜˜
Suy bá»¥ng ta ra bá»¥ng ngÆ°á»i Ã ",31/05/2025 08:11,https://www.threads.net/@giothianhdacandamderoixaemroi/post/DKTI14RzuxC,2025-06-07 03:13:03
giothianhdacandamderoixaemroi,"Má»›i update bio áº¡, mÃ¬nh mong ai á»§ng há»™ anh áº¥y thÃ¬ block mÃ¬nh giÃºp vá»›i",30/05/2025 23:50,https://www.threads.net/@giothianhdacandamderoixaemroi/post/DKSPiRFTjE9,2025-06-07 03:13:03
giothianhdacandamderoixaemroi,10 Ä‘iá»ƒm nÃ¢ng cao qd,30/05/2025 17:44,https://www.threads.net/@giothianhdacandamderoixaemroi/post/DKRlp2mJRtj,2025-06-07 03:13:03
giothianhdacandamderoixaemroi,"ThÃ´i cÃ³ leak private thÃ¬ mÃ¬nh cÅ©ng Ä‘Ã¡p tráº£ lun he, trong trÆ°á»ng há»£p cÃ³ ngÆ°á»i k hiá»ƒu context r phá»‘t mÃ¬nh
MÃ¬nh á»Ÿ trong acc prv giá»¡n vÃ  cá»£t nháº£ ráº¥t nhiá»u, ráº¥t lÃ¡o, khÃ´ng phÃ¹ há»£p vá»›i tráº» em Ä‘ang Ä‘i há»c hay phá»¥ ná»¯ cho con bÃº, cÅ©ng nhÆ° cÃ¡c thanh niÃªn nghiÃªm tÃºc thÃ nh ÄoÃ n, cÃ¡n bá»™ Äáº£ng, v.v
NÃªn lÃ  cÃ³ á»Ÿ trong Ä‘Ã³ r cap ra thÃ¬ mÃ¬nh cÅ©ng chÃºc báº¡n sau nÃ y cÃ³ lÃ m gÃ¬ cÅ©ng bá»‹ leak ra nhÃ©, chÃ o thÃ¢n Ã¡i !",30/05/2025 01:29,https://www.threads.net/@giothianhdacandamderoixaemroi/post/DKP2E2iTJcq,2025-06-07 03:13:03
giothianhdacandamderoixaemroi,Äá»¥ mÄƒ phá»›t cáº£ thá» rÃ©t,30/05/2025 00:23,https://www.threads.net/@giothianhdacandamderoixaemroi/post/DKPufEaTeAR,2025-06-07 03:13:03
giothianhdacandamderoixaemroi,Ná»­a Ä‘Ãªm ná»­a hÃ´m Äƒn trá»n cÃ¡i ná»“i sp NC vÃ o má»“m ???????,30/05/2025 00:22,https://www.threads.net/@giothianhdacandamderoixaemroi/post/DKPuYEaTNWT,2025-06-07 03:13:03
giothianhdacandamderoixaemroi,List nháº¡c tháº¥t tÃ¬nh tháº¿ lÃ  gu t rá»“i,29/05/2025 18:22,https://www.threads.net/@giothianhdacandamderoixaemroi/post/DKPFLtbpVcy,2025-06-07 03:13:03
giothianhdacandamderoixaemroi,Anh khÃ´ng theo Ä‘uá»•i em ná»¯a ğŸ˜”,29/05/2025 18:01,https://www.threads.net/@giothianhdacandamderoixaemroi/post/DKPCzVrpKFR,2025-06-07 03:13:03
giothianhdacandamderoixaemroi,KhÃ´ng bao giá» oan =)))))))),29/05/2025 17:56,https://www.threads.net/@giothianhdacandamderoixaemroi/post/DKPCNirJYfJ,2025-06-07 03:13:03
giothianhdacandamderoixaemroi,"Chá»‰ cÃ²n 13 ngÃ y ná»¯a sáº½ tá»›i ngÃ y 10/6 rá»“i, mÃ¬nh mong show phÃ²ng trÃ  Ä‘áº§u tiÃªn cá»§a 2 anh sáº½ thÃ nh cÃ´ng tá»‘t Ä‘áº¹p
Äá»ƒ ngÃ y nÃ y diá»…n ra trá»n váº¹n nháº¥t, mÃ¬nh mong cÃ¡c báº¡n Há»‘c ngoan sáº½:
-TÃ­ch cá»±c Ä‘áº©y source stage solo/duo trong ngÃ y hÃ´m Ä‘Ã³, cÃ¡c suá»™c hÆ°á»›ng cp sáº½ Ä‘Äƒng sau ngÃ y hÃ´m Ä‘Ã³/ Ä‘Äƒng private náº¿u cÃ³
-KhÃ´ng á»“n mmt cp
-CÃ¡c suá»™c duo Ä‘Äƒng lÃªn cÃ³ thá»ƒ kÃ¨m hashtag MLT STTS Day 2 Ä‘á»ƒ khá»u thÃªm má»™t Ä‘Ãªm nháº¡c ná»¯a
Ráº¥t thÃ´ng cáº£m cho cÃ¡c bÃ¡c vÃ¬ khÃ´ng Ä‘Æ°á»£c á»“n cp, nhÆ°ng táº¥t cáº£ Ä‘iá»u trÃªn phá»¥c vá»¥ cho má»¥c Ä‘Ã­ch duy nháº¥t ğŸ˜”ğŸ˜”",29/05/2025 10:38,https://www.threads.net/@giothianhdacandamderoixaemroi/post/DKOQGBZpvz4,2025-06-07 03:13:03
giothianhdacandamderoixaemroi,"Khá»u day 2 MLT nhÃ© mn Æ¡i, ráº¥t cáº§n sá»± chung tay cá»§a cáº£ fd nhÃ© ğŸ˜­ğŸ˜­ğŸ˜­",29/05/2025 10:38,https://www.threads.net/@giothianhdacandamderoixaemroi/post/DKOQGYJJL5B,2025-06-07 03:13:03
giothianhdacandamderoixaemroi,"Má»i ngÆ°á»i Ã h bÃ¢y giá» art Ä‘Ã´i khÃ´ng cÃ³ Ä‘Æ°á»£c cáº¥p per nha nÃªn máº¥y mÃ´m khÃ´ng cáº§n páº£i gá»­i mail r Ä‘á»£i trong dÃ´ dzá»ng Ä‘Ã¢u Ã¡h ğŸ‘½
CÃ²n ai in freebies láº» thÃ¬ cá»© máº¡nh dáº¡n xin nha",28/05/2025 23:41,https://www.threads.net/@giothianhdacandamderoixaemroi/post/DKNE4xLp4t6,2025-06-07 03:13:03
giothianhdacandamderoixaemroi,"Äá»§ liÃªm Ä‘á»ƒ xin permission
Tks bÃ© @min.wonnie7 tÃ u nhanh cho a nhÃ© ğŸ˜˜",28/05/2025 22:55,https://www.threads.net/@giothianhdacandamderoixaemroi/post/DKM_qFHpqcw,2025-06-07 03:13:03
giothianhdacandamderoixaemroi,NÃ£y lá»¡ Ä‘Äƒng báº£n des dá»Ÿ Ä‘cm,28/05/2025 22:55,https://www.threads.net/@giothianhdacandamderoixaemroi/post/DKM_qg1JCts,2025-06-07 03:13:03
giothianhdacandamderoixaemroi,KÃ¬n sÃºng kÃ¬n sÃºng,28/05/2025 21:50,https://www.threads.net/@giothianhdacandamderoixaemroi/post/DKM4JtOph90,2025-06-07 03:13:03
giothianhdacandamderoixaemroi,Xem thÃ¡m tá»­ KiÃªn Ä‘i mn hay lÄƒm,28/05/2025 04:51,https://www.threads.net/@giothianhdacandamderoixaemroi/post/DKLDkZazD3P,2025-06-07 03:13:03
giothianhdacandamderoixaemroi,tÃ´i chÆ°a cÃ³ chuá»“n chuá»“n,28/05/2025 04:48,https://www.threads.net/@giothianhdacandamderoixaemroi/post/DKLDNEZzxoq,2025-06-07 03:13:03
giothianhdacandamderoixaemroi,"STNEKO's ATVNCG JOURNEY
Artist: Linda Evasn
Cáº£m Æ¡n ST vÃ  Neko vÃ¬ Ä‘Ã£ lÃ m nÃªn mÃ¹a hÃ¨ 2024 cá»§a mÃ¬nh ğŸ«¶",01/11/2024 03:27,https://www.threads.net/@giothianhdacandamderoixaemroi/post/DBzUlysT9a5,2025-06-07 03:13:03
giothianhdacandamderoixaemroi,"CÃ¡m Æ¡n vÃ¬ má»™t há»‘ctober tuyá»‡t vá»i, cáº£m Æ¡n vÃ¬ Ä‘Ã£ lÃ  Há»‘c con, cáº£m Æ¡n táº¥t cáº£ má»i ngÆ°á»i Ä‘Ã£ cÃ¹ng tham gia á»“n cÃ¡i thÃ¡ng 10 vá»«a rá»“i
Tiáº¿p tá»¥c á»“n vá»›i nhau trong khoáº£ng thá»i gian sáº¯p tá»›i nhÃ© ğŸ«¶",01/11/2024 03:27,https://www.threads.net/@giothianhdacandamderoixaemroi/post/DBzUmwhzUdr,2025-06-07 03:13:03
hoqvaan,"Äá»i Æ¡i Ä‘á»i, má»›i ngá»§ dáº­y nghe tin cÃ³ Ä‘iá»ƒm mÃ´n chuyÃªn ngÃ nh, duma coi xg rá»‰nh cáº£ ngá»§ kÃ©o gpa t tháº¥p váº­y, Ä‘ bt kÃ¬ nÃ y ná»•i giá»i koğŸ¤¡",12/05/2025 16:43,https://www.threads.net/@hoqvaan/post/DJjIT2_Sij9,2025-06-07 03:13:03
hoqvaan,Náº¯ng chá»§ nháº­t á»Ÿ Hana giá» má»›i gá»­i tá»›i mnğŸ˜‡,24/03/2025 19:42,https://www.threads.net/@hoqvaan/post/DHlR10HSjpS,2025-06-07 03:13:03
hoqvaan,ÃŠ tá»± dÆ°ng t cÃ³ nhá»¯ng suy nghÄ© tiÃªu cá»±c kiá»ƒu chÃ¡n sá»‘ng vğŸ˜‡,01/03/2025 06:39,https://www.threads.net/@hoqvaan/post/DGoqCDSh6-y,2025-06-07 03:13:03
hoqvaan,"ÃŠ bÃ¢y Æ¡i bÃ¢y, má»›i cÃ³ Ä‘iá»ƒm triáº¿t vs csvh mÃ  t Ä‘Ã£ tÃ­nh nháº©m 2 mÃ´n cÃ²n láº¡i, sá»£ khÃ³ A quÃ¡ mong ko A thÃ¬ cÅ©ng B+ nhağŸ˜­, please ğŸ™ğŸ™ğŸ™",29/12/2024 19:00,https://www.threads.net/@hoqvaan/post/DEKVdUvy-ON,2025-06-07 03:13:03
hoqvaan,ğŸ™ğŸ™ğŸ™,03/07/2024 10:03,https://www.threads.net/@hoqvaan/post/C88dxZay5tB,2025-06-07 03:13:03
hoqvaan,"Cáº§u mong Ä‘iá»ƒm vÄƒn trÃªn 7â‚«ğŸ€ğŸ€ğŸ€
Cáº§u mong Ä‘iá»ƒm vÄƒn trÃªn 7â‚«ğŸ€ğŸ€ğŸ€
Cáº§u mong Ä‘iá»ƒm vÄƒn trÃªn 7â‚«ğŸ€ğŸ€ğŸ€
ğŸ™ğŸ™ğŸ™",03/07/2024 01:42,https://www.threads.net/@hoqvaan/post/C87kcP8ySc7,2025-06-07 03:13:03
hoqvaan,ğŸ«°,21/06/2024 21:45,https://www.threads.net/@hoqvaan/post/C8e0kdeSoWM,2025-06-07 03:13:03
hoqvaan,á»¦a máº¥y cháº¿ Æ¡i cá»§a t dÃ­nh 2 con 0 nma t ko thi toÃ¡n vs lÃ­ cÃ³ sao koğŸ˜­,21/06/2024 15:33,https://www.threads.net/@hoqvaan/post/C8eJ-ZEpguc,2025-06-07 03:13:03
hoqvaan,"ÃŠy, tÃ­nh ra h t coi láº¡i locket vÃ  tháº¥y t toÃ n Äƒn vs Äƒn, gÃ²i bt sao 5â‚« sá»­ rğŸŒš
Mong cÃ¡c cá»¥ thathu cho con, gÃ¡nh ná»‘t cho  con ngÃ y 28/6 vs 29/6 áº¡ğŸ™ğŸ™ğŸ™
Cáº§u trá»i kháº¥n pháº­t lÃºc thi t ko bá»‹ sáº£ng vÃ  ráº¥t tá»‰nh tÃ¡o nhÆ° thÆ°á»ngğŸ€ğŸ€ğŸ€",21/06/2024 12:38,https://www.threads.net/@hoqvaan/post/C8d18onJGTD,2025-06-07 03:13:03
hoqvaan,"TUYá»†T Äá»I KHÃ”NG SAI CÃ‚U NHáº¬N BIáº¾TğŸ€ğŸ€ğŸ€
TUYá»†T Äá»I KHÃ”NG SAI CÃ‚U NHáº¬N BIáº¾TğŸ€ğŸ€ğŸ€
TUYá»†T Äá»I KHÃ”NG SAI CÃ‚U NHáº¬N BIáº¾TğŸ€ğŸ€ğŸ€
THI VÄ‚N CHá»® TUÃ”N NHÆ¯ SUá»IğŸ€
THI VÄ‚N CHá»® TUÃ”N NHÆ¯ SUá»IğŸ€
THI VÄ‚N CHá»® TUÃ”N NHÆ¯ SUá»IğŸ€
Äáº¦U Náº¢Y Sá», VÄ‚N THÆ  LAI LÃNGğŸ€ğŸ«°ğŸ€
Äáº¦U Náº¢Y Sá», VÄ‚N THÆ  LAI LÃNGğŸ€ğŸ«°ğŸ€
Äáº¦U Náº¢Y Sá», VÄ‚N THÆ  LAI LÃNGğŸ€ğŸ«°ğŸ€",21/06/2024 11:48,https://www.threads.net/@hoqvaan/post/C8dwK0KJ2Ud,2025-06-07 03:13:03
hoqvaan,https://www.canva.com/design/DAGIjgOmq8I/lVGTQKWwvZ7qmGnUQFUDmg/edit?utm_content=DAGIjgOmq8I&utm_campaign=designshare&utm_medium=link2&utm_source=sharebutton máº«u canva cho cÃ¡c bá»“ nÃ o cáº§nğŸ«°,19/06/2024 21:49,https://www.threads.net/@hoqvaan/post/C8ZradAy7Yr,2025-06-07 03:13:03
hoqvaan,Ã lÃ  t tháº¥y mn lÃ m vÃ© quÃ¡ trá»i nÃªn t cÅ©ng vÃ´ canva thiáº¿t káº¿ Ä‘u cÃ¹ng mn (máº·c dÃ¹ ko biáº¿t Ä‘á»— ko cÆ¡ mÃ  t váº«n lÃ mğŸ¤§) HNUEğŸ€ğŸ€ğŸ€,19/06/2024 14:57,https://www.threads.net/@hoqvaan/post/C8Y8TtWpkUb,2025-06-07 03:13:03
